{
    "BLIP Base": {
        "Bleu_1": 0.7197459086993195,
        "Bleu_2": 0.545454351186449,
        "Bleu_3": 0.397024100664098,
        "Bleu_4": 0.2807247263514482,
        "METEOR": 0.2477866870948291,
        "ROUGE_L": 0.5299784791715157,
        "CIDEr": 0.8192592249468597
    },
    "BLIP-2 (OPT-2.7b)": {
        "Bleu_1": 0.7711281446540122,
        "Bleu_2": 0.6041315118703049,
        "Bleu_3": 0.45260519120898784,
        "Bleu_4": 0.3309070612307824,
        "METEOR": 0.29121846809148627,
        "ROUGE_L": 0.5814902813270455,
        "CIDEr": 1.0624373644058374
    },
    "GIT Base": {
        "Bleu_1": 0.5110446532430583,
        "Bleu_2": 0.3373909791497421,
        "Bleu_3": 0.217829482452697,
        "Bleu_4": 0.13745571066167836,
        "METEOR": 0.16364977186030236,
        "ROUGE_L": 0.37446951161717457,
        "CIDEr": 0.4262238885015129
    }
}